Original Text,Translated to English,Topic
Améliorer le niveau de vie,Improve the standard of living,politics
Weniger propaganda,Less propaganda,politics
Żadne,None,nothing
no estoy intetesada en su contenido a excepción de los datos que son relevantes en mi País.(cooperación de la UE con Panamá),I am not intended in its content except for the data that are relevant in my country (EU cooperation with Panama),eu
Spiegazione puntuale di cosa succede,Punctual explanation of what happens,survey
Tun tun oo,Tun tun,nothing
En osaa sanoa,I can not say,nothing
De kan vi nog,They can we nog,nothing
"Aktuální data, přesnější a detailnější informace","Current data, more accurate and more detailed information",information
Amerikanische Propaganda weglassen.,Leave out American propaganda.,politics
Des données beaucoup plus précises.,Much more precise data.,eu
Nieko,Nothing,nothing
"Die EU sollte endlich in die Luft gesprengt werden, dann braucht man diese Website soundso nicht mehr besuchen.","The EU should finally be blown up, then you no longer need to visit this website.",website
"Poder leerlo en español. No funciona la página en español, le das a ES y sigue en inglés.","Be able to read it in Spanish. The page does not work in Spanish, you give it and continue in English.",page
Nichts,Nothing,nothing
"Im dismayed at the pro-Israeli propaganda and the labelling of palestinians as ""terrorists"" and references to ""human shields,"" echoing the press statements of Israel","Im dismayed at the pro-Israeli propaganda and the labelling of palestinians as ""terrorists"" and references to ""human shields,"" echoing the press statements of Israel",politics
Schlagworte mit Suchergebnis,Keywords with a search result,politics
wyjebanie calego fit for 55 i wyjscie z unii komunistycznej,Fit for 55 and exit from the Communist Union,eu
"more substance and background, not just formal burocratic announcements","more substance and background, not just formal burocratic announcements",politics
Wyburzenie parlamentu europejskiego,Demolition of the European Parliament,eu
Nichts,Nothing,nothing
Niciuna,None,nothing
Je sais pas,I don't know,nothing
"Unios szankcoik feloldása mert akcio van a yandexen, de persze fizetni nem tudok sehogy se.....","Unios Uni Sanckois because there is an action on Yandex, but of course I can't pay at all .....",nothing
Żeby rządził PIS a nie Donald Tusk,"That PiS rule, not Donald Tusk",eu
Mehr Rücksicht auf die Interessen Nationalstaaten,More consideration of the interests of nation states,website
Mehr Welthunger,More world hunger,politics
se ci fosse maggior concretezza,If there was greater concreteness,politics
"više ilustracija, video obrade teksta s primjerima, infografika, razgovora s krajnjim korisnicima, obrade istraživanja eurobarometra u relevantni kontekst sadržaja stranice, itd","More illustrations, video processing with examples, infographics, end-user conversations, Eurobarometer research in the relevant context of page content, etc.",page
Es gibt keine EU,There is no EU,nothing
"zmiany na swiecie ,podejscie do problemu ludobojstwa w GAZIE","changes in the world, approach to the problem of people in Gaza",politics
Mehr Aufmerksamkeit auf die Website durch Werbung pp. Erregen,Attract more attention to the website by advertising pp.,website
Die Diskussionen und Entscheidungen auf EU ebene gehören in die Nachrichtensender und Talkshows. Und nicht erst wenn diese Beschlossen sind. Jede Entscheidung der EU muss in der Öffentlichkeit VORHER Diskutiert werden. DAS MACHT IHR LEIDER NICHT und dadurch ist die EU SEHR INTRANSPARENT.,"The discussions and decisions at the EU level belong in the news channels and talk shows. And not only when they have been decided. Every EU decision must be discussed in public beforehand. Unfortunately, you don't do that and the EU is very non -transparent.",eu
да удовлетворява нуждите ми за информация,to satisfy my information needs,information
Studiare una pagina più ergonomica con concetti chiari permeabili da tutti da un bambino ad un anziano. Da un malato ad un disoccupato. La complessità l'essere contorto è il muro che allontana l'Europa dal suo vero popolo.,Studying a more ergonomic page with clear concepts permeable by everyone from a child to an elderly person. From a patient to an unemployed. Complexity The twisted being is the wall that removes Europe from its true people.,page
meow,meow,nothing
"Διαφάνεια ως προς τη λήψη αποφάσεων να μην αλλάζει συχνά ως ιστότοπος διεύθυνση, καλύτερη οργάνωση υλικού","Transparency in decision making not frequently change as a address website, better material organization",website
Mer patriotiska förslag,More patriotic suggestions,eu
"seite sollte orientierter am nutzer sein, möglichkeit bei der umfrage ^^ich weiss nicht oder -keine aussage dazu ^^ zu geben. allein die arroganz bei der frage nach dem beruf! lehrer, mitarbeiter eu, sonst ist wohl keiner erwähnenswert?","Page should be oriented towards the user, possibility of the survey ^^ I do not know or not to give it ^^. The arrogance alone when asked about the job! Teacher, employee, EU, otherwise nobody is worth mentioning?",survey
Fuck eu,Fuck Me,nothing
good service,good service,politics
"Berufsbezeichnung , warum gibt es keine Angestellte , Arbeiter und des Gleichen ??????? Wenn wir nicht wären würde es euch nicht geben ......","Professional title, why are there no employees, workers and the same ??????? If we weren't, there would be no ......",survey
"les informations ne sont jamais présentées de manière exploitable. D'autre part, la commission et le parlement édicte des lois qui mettent en péril notre économie face aux états extérieurs de l'UE. Il serait bon que le site soit fait pour les utilisateurs et pas pour satisfaire je ne sais quels fonctionnaires européens ou soustraitant ami (les appels d'offres sont complètement biaisé)","The information is never presented in an usual manner. On the other hand, the Commission and the Parliament enacted laws which jeopardize our economy in the face of the external states of the EU. It would be good for the site to be done for users and not to satisfy I do not know which European officials or subtracting friend (calls for tenders are completely biased)",eu
Meine Interesse,My interest,website
"Sturz des Kapitalismus, einführen einer rätedemokratie und Abschaffen der Klassen","Fall of capitalism, introducing a council democracy and abolishing the classes",eu
"Auttamalla Ukrainaa,Moldovaa,ja Georgiaa pääsemään Natoon,ja EU:hun.","Helping Ukraine, Moldova, and Georgia to get to NATO, and the EU.",eu
Tylko PiS powinien być przy władzy w Polsce.,Only PiS should be in power in Poland.,eu
Nustiu,I do not know,nothing
"Poszukuje jedynie informacji do prezentacji, na ogół nie czytam w ogóle tego typu stron","I am only looking for information for the presentation, I usually don't read this type of pages at all",information
Stránky by měly být přehlednější,Pages should be clearer,page
Find ganz gut,Find quite well,politics
"Actualización de la información (documentos al día), mejor usabilidad de la pagina eliminando encales externos, asegurarse de que los links funcionan comprobándolos con regularidad. Plantearse el uso de un Chatbot.","Information update (documents per day), best usability of the page by eliminating external guns, ensure that links work by checking them regularly. Consider the use of a chatbot.",page
Prawda,,nothing
Übersichtlichkeit. Aber die EU an sich ist schon viel zu bürokratisch,Clearity. But the EU itself is much too bureaucratic,eu
De soutenir plus le peuple français et ne pas mettre l’euro numérique vous allez tout détruire,To support the French people more and not put the digital euro you will destroy everything,nothing
"Политиците да започнат да слушат избирателите си, а не американските си господари!","Politicians start listening to their voters, not their US masters!",eu
BIN NUR ZUFÄLLIG HIER HER GEKOMMEN,I only came here by chance,politics
"I guess I will wait until the EC understands that its energy policy, its environmentalism, is destroying Europe and not helping nature, rather the opposite. Germany is the best example of this. Currently, very little is enough to overtake Poland in terms of emissions. Environmentalism manifests itself in the same way as communism, I still remember it very well.","I guess I will wait until the EC understands that its energy policy, its environmentalism, is destroying Europe and not helping nature, rather the opposite. Germany is the best example of this. Currently, very little is enough to overtake Poland in terms of emissions. Environmentalism manifests itself in the same way as communism, I still remember it very well.",politics
bye bye,bye bye,nothing
Politica internationala,International policy,eu
Zrušiť EU,Cancel the EU,nothing
neznam parvi pat mi moje vmakne s darat mi,doesn't mean pari pat me my melts with giving me,politics
Więcej dotacji na rolnictwo w Polsce bo inne kraje dostają 3 a nawet 4 razy więcej a my cierpimy przez tą zwłaszcza nieròwną politykę UE.,More subsidies for agriculture in Poland because other countries get 3 or even 4 times more and we suffer from this especially unprofitable EU policy.,eu
"Straight answers. I wanted to know Russia's projected GDP for 2023. Instead, I got your site.","Straight answers. I wanted to know Russia's projected GDP for 2023. Instead, I got your site.",politics
Vyhodiť všetkých zamestnancov toho sídla,To throw away all the employees of that registered office,survey
EU should be destroyed as soon as possible.,EU should be destroyed as soon as possible.,nothing
Aucun Ni Si votre site encourageait àa paix,None if your site encouraged peace,eu
Delete,Delete,politics
mehr cocks,more cocks,eu
Die Website sollte sich an dem Informationsinteresse der Nutzer orientieren.,The website should be based on the user interest interest.,website
diese website ist so scheisse ohne spass sogar so eine komische fiona findet es so scheisse ich kann sie aber mit meiner schnellen finger sehr beeindrucken,This website is so shit without fun even such a strange fiona finds it so shit I can very impress it with my fast finger,website
I hae not understood yet what si the web about and now you ask to fill in survey)) + I do not know yet),I hae not understood yet what si the web about and now you ask to fill in survey)) + I do not know yet),survey
Fake News aussortieren,Sort out fake news,website
"Userfrindly, easyness","Userfrindly, easyness",politics
"zrušte EU a nemusíte řešit tyto nesmysly, migranty a ekologické zelené peklo. EU je v současnosti nepoužitelný kolos stejně jako dříve neschopná RVHP.","cancel the EU and do not have to deal with these nonsense, migrants and ecological green hell. The EU is currently an unusable colossus as well as the previously incapable of the Comecon.",politics
"No changes are expected, I will not come back","No changes are expected, I will not come back",politics
"Więcej informacji, odpowiednia prezentacja graficzna","More information, appropriate graphic presentation",information
Viel zu oberflächlich! Da kann ich auch auf Wikipedia gehen,Far too superficial! I can also go to Wikipedia,eu
Z,WITH,nothing
Mówienie prawdy,Telling the truth,nothing
Mettete l'italiano,Put the Italian,politics
You are not Intresting,You are not Intresting,nothing
Einstellen....,Set....,nothing
"Sie sollte funktionieren ,so dass man die eingestellten Dateien auch öffnen kann",It should work so that you can also open the set files,eu
"No tengo nidea de que hace esta web, sirve para algo?","I have no Nidea what this website does, is it for something?",website
prawda,,nothing
Objektive Information. So hat es den Anschein auf den ersten Blick als würde die Ukraine Weizen & Getreide ausschließlich bzw. fast ausschließlich nach Afrika senden.,"Objective information. At first glance, it appears that the Ukraine will send wheat & grain exclusively or almost exclusively to Africa.",information
IL faut sensibiliser la population et notamment les jeunes par exemples avec des intervenants au collège ou au lycée. Bien a vous Cordialement Manu le prés.,"The population must be made aware and in particular young people for example with stakeholders in college or high school. Well, cordially manu le meadows.",politics
Gérer la conneris,Manage Conneris,politics
es fehlen Inhalte,Contents are missing,website
I have visited the website of Estonia's E-residency and came here accidentally to learn about sanctions against Russian citizens,I have visited the website of Estonia's E-residency and came here accidentally to learn about sanctions against Russian citizens,website
esélytelenek vagytok,you are unlikely,politics
"Spalvas, dizaino patrauklumą, informacijos akyualumą.","Colors, design attractiveness, information eye.",information
Stop being fascist pigs who sopport the genocide that is Israel doing in Gaza. Bring Netanyahu to court for crimes against humanity.,Stop being fascist pigs who sopport the genocide that is Israel doing in Gaza. Bring Netanyahu to court for crimes against humanity.,politics
"Anschaulicher, mehr Slide Effekte würden sie attraktiver machen","More descriptive, more slide effects would make you more attractive",politics
ES GIBT JETZT VIEL ZU VIEL TEXT! AUF DIE WESENTLICHEN INFOS REDUZIEREN! VIEL ZU AUFGEBLÄHT!,There is now far too much text! Reduce to the essential information! Much too bloated!,information
ei tea,no tea,nothing
Ahm... Chiudete il sito. Piangere e ... Ahm,Ahm ... close the site. Cry and ... ahm,eu
"Mehr in der Öffentlichkeit sein. Google kann das, warum Ihr nicht!",Be more in public. Google can do so why you don't!,eu
Der gürtel muss enger geschnallt werden,The belt must be strapped closer,politics
Nikad više ne bih pogledao ništa što je vezano za EU,I would never look at anything related to the EU again,politics
Anderes Thema Ich bin nur hier wegen der Schule und werde hier nie wieder hinkommen,Another topic I am only here because of the school and will never get back here,politics
Defender los verdaderos intereses de una Europa independiente independiente.,Defend the true interests of an independent Europe.,website
Dismantle the EU ideology. It’s a failed project. Long live sovereignty.,Dismantle the EU ideology. It’s a failed project. Long live sovereignty.,eu
Dismantle the WHO,Dismantle the WHO,nothing
A spine to stand against Israel in the Council's backs.,A spine to stand against Israel in the Council's backs.,politics
Stop being colonial racist and support human rights,Stop being colonial racist and support human rights,politics
Free Palestine,Free Palestine,eu
"Nechci vyplňovat dotazník když se omylem překliknu, dík ;)","I do not want to fill in the questionnaire When I accidentally click, thanks;)",website
Много лъжете !,Ly a lot!,nothing
Prosty język wyraźne działania efekt prac,Simple language clear actions effect of work,nothing
Die Seite ist in Ordnung. Die politischen Ansichten sind eher das Problem,The page is fine. The political views are more of the problem,page
Nezajímám se tolik o fungování Evropské rady a EU takže asi nic.,I don't care so much about the functioning of the European Council and the EU so probably nothing.,eu
"Sie spielt für mich keine Rolle, außer ich habe ein Referat oder eine Recherche zu betreiben.",She doesn't matter for me unless I have a presentation or research.,page
Vertrauen,Trust,website
"Je n'en sais rien, La pop-up s'est ouverte 10 secondes après que je sois arrivée sur la page, je n'ai rien eu le temps de lire","I don't know, the pop-up opened 10 seconds after I arrived on the page, I had nothing time to read",nothing
keine Waffen mehr finanzieren,No more weapons finance,politics
Latviešu valodā un pārskatāmāku,In Latvian and more transparent,website
Nix,Nix,nothing
Des informations sur le recrutement,Recruitment information,information
idk,idk,nothing
"Пиздец, ну и название у вас. Самим-то не тошно?","Fucked, well, you have a name. Is it not sick yourself?",politics
"Ich bin über Linkedin auf die Seite gekommen. Bitte weiterhin auf Social Media Plattformen Content teilen, inkl. Verlinkung zur Website.","I came to the site via LinkedIn. Please continue to share content on social media platforms, including link to the website.",website
Visa-free travel for African countries!,Visa-free travel for African countries!,eu
żadne,none,nothing
Besser aussehen,To look better,website
"Ich kann mich nicht anmelden, da angeblich mein Webbrowser irgend etwas blockiert, das ich nicht aufheben kann. Somit hat sich der Besuch erledigt. Schade eigentlich.",I cannot register because my web browser allegedly blocked something that I can't pick up. So the visit has been done. Too bad.,website
"Mehr Transparenz über die Tätigkeit von Frontex im Mittelmeer. Wie viele Menschen verlieren ihr Leben aufgrund von unterlassener Hilfeleistung? Wie ist die Zusammenarbeit mit privaten unabhängigen Hilfsorganisationen? Warum gibt es keine sinnvollen legalen Migrationswege für Menschen, die sich über das Mittelmeer auf den Weg nach Europa machen? Wie können Sie ruhig schlafen angesichts der steigenden Abschottung Europas vom Rest der Welt, obwohl europäische Staaten in vielen Konflikten die Hauptverursacher sind. Wenn Sie es schaffen, das alles transparent darzustellen, dann besuche ich vielleicht diese Seite häufiger in Zukunft.","More transparency about Frontex's activity in the Mediterranean. How many people lose their lives due to failure to help? What is the collaboration with private independent aid organizations? Why are there no sensible legal migration paths for people who make their way to Europe via the Mediterranean? How can you sleep calmly in view of the increasing isolation of Europe from the rest of the world, although European countries are the main causers in many conflicts. If you manage to present all of this transparently, then I may visit this page more often in the future.",eu
j,j,nothing
Solo dopo aver verificato che le belle parole sono seguite da risultati apprezzabili,Only after checking that the beautiful words are followed by appreciable results,politics
"Zrušení, omezení EU na obchodní alianci","Cancellation, EU restrictions on business alliance",eu
Artikel 5 des Grundgesetzes für die Bundesrepublik Deutschland EU verhängt Sanktionen gegen die Sendetätigkeiten der staatseigenen Medien RT/Russia Today und Sputnik in der EU,Article 5 of the Basic Law for the Federal Republic of Germany EU impose sanctions against the sending activities of the state -owned media RT/Russia Today and Sputnik in the EU,website
НЕнужно и НЕпрактично дадена информмация!,Unnecessary and impractical information!,information
"Cookie-Regelung intransparent, unübersichtlich - und das als EU-Institution","Cookie regulation non-transparent, confusing-and that as an EU institution",website
Mettre des meufs à oilp,Oilp mildew,page
Insgesamt ist der Zeitaufwand der Recherce und des Lesens der komplexen Themen sehr hoch. Texte sind zum Teil komplex und langwierig zu lesen,"Overall, the time required for the research and reading the complex topics is very high. Texts can be read in part complex and lengthy",politics
"Nesrat se do věcí ,kterém nerozumíte. Green del ,financování teroristů apod.","Don't get into things you don't understand. Green del, terrorists, etc.",politics
Sprechen Sie doch wie Menschen. Mehr Infografiken,Talk like people. More infographics,politics
"Att ni tar sikte på FRÅGOR AV BETYDELSE och inte på internt navelskåderi. Jag skiter väl i HUR ni arbetar. Det är VAD ni gör som spelar roll, och ni verkar med förlov sagt helt verklighetsfrämmande ...","That you are aimed at issues of importance and not at internal navel. I shit well in how you work. It is what you do that matters, and you seem to have a promise of all the reality -alien ...",politics
"Wenn auf der Website keine Aufforderungen an die europäischen Zollbehörden mehr stehen, Privatpersonen aus Russland Kleidung und sonstige persönliche Gegenstände zu stehlen.",If there are no more requests to the European customs authorities on the website to steal private individuals from Russia clothing and other personal objects.,website
"mehr Struktur, Verantwortlichkeiten um Nachfragen zu Inhalten zu stellen","More structure, responsibilities to ask questions",eu
Mehr Informationen,More information,information
"Navstevujem stranky podla potreby, takze ak to nepotrebujem nepridem sem","I am visiting the pages as needed, so if I don't need it I don't come here",page
"You say 21 people are blocked, but then you don't say who they are. That's idiotic.","You say 21 people are blocked, but then you don't say who they are. That's idiotic.",politics
Herramientas de IA hacia la WEB 4.0 (mundos virtuales),IA tools towards web 4.0 (virtual worlds),politics
Se cambia il passo di governance,If the governance pass changes,politics
"Sivusto listaa neuvoston päätöksiä päätösten perään, mutta missään ei auteta kansalaista kertomalla mitä päätökset tarkoittavat, ja miten ne kansalaisen elämään vaikuttavat.","The site lists the council's decisions after decisions, but nowhere is the citizen helping to say what the decisions mean and how they affect the life of a citizen.",eu
Najlepiej jakby Was nie było,It's best if you weren't,page
Pentru a lucra legal în italea,To work legally in Italea,website
Szünjön meg,To stop,nothing
Vaffanculo l'Unione Europea. W gli Stai liberi e sovrani! FORZA ITALIA!!! Morite merde!,Fuck the European Union. W you are free and sovereigns! Forza Italia !!! Dieva shit!,eu
istinu umjesto propagandnih pamfleta,truth instead of propaganda pamphlets,nothing
Nezinu,I do not know,nothing
Der europäische Rat sollte weniger Migrationsunfreundliche Entscheidungen treffen,The European Council should make less migration -free decisions,eu
"Les politiciens de l'UE devraient travailler pour les européens, pas les lobbies","EU politicians should work for Europeans, not lobbies",eu
Può darsi mantenersi il più obiettivi possibile nella gestione di criticità che investono l'UE,It may be kept as objective as possible in the management of critical issues that invest the EU,nothing
Nie mam pojęcia co macie za cel?,I have no idea what your goal is?,politics
More informative data-backed news and fewer public release statements.,More informative data-backed news and fewer public release statements.,website
Brak manipulacji,No manipulation,politics
More Info about national travelling restrictions,More Info about national travelling restrictions,page
Tydligare info för vanliga medborgare,Clearer info for ordinary citizens,page
je ne sais pas si il existe une application avec des actu mais ca pourrait être plus dynamique,I don't know if there is an application with news but it could be more dynamic,website
Una pagina web de noticias facial y renovada continuamente,A continuously facial and renewed news website,website
"En löydä tietoa! Yritän selvittää, ketkä maat ovat käyneet liittymisneuvotteluita. Kapulakieltä liikaa! Selittää käsitteet auki!",I can't find information! I will try to find out which countries have undergone accession negotiations. Too much staple language! Explain the concepts open!,information
la reale applicazione dei vari accordi presi dai paesi UE,the real application of the various agreements taken by the EU countries,eu
"Sie sollte nicht nur die Webseite des Rates sein, weil ich die sonst nicht mehr brauche.",It shouldn't just be the website of the council because I would otherwise no longer need it.,website
None I d'ont care,None I d'ont care,nothing
desaparecer,to vanish,nothing
"Que sus observaciones sean imparcial de los acontecimiento que se estan dando en este País. Todos nuestros problemas los resolvemos nosotros sin ingerencia de ninguna clase. Las elecciones se llevaron muy ordenadamente, pero a lo interno es otro percepción. Hay un Felito Penal, habría que resolverlo y ver su resultado para poder opinar. No es permitido manipular la Institucionalidad y el Estado de Derecho. Guatemala se resñeta, como guatemala respeta lo extranjero, somos Soberano Libre e Independiente, faltarnos es violentar la Autodeterminacion de los Pueblos","That your observations are impartial of the events that are being given in this country. We are solved by all our problems without any kind. The elections took themselves very neatly, but internally is another perception. There is a criminal felit, it would be necessary to solve it and see its result to comment. It is not allowed to manipulate institutionality and the rule of law. Guatemala is restored, as Guatemala respects the foreigner, we are free and independent sovereign, missing ourselves is to violate the self -determination of peoples",politics
Que se soit plus intéréssant.,That it is more interesting.,survey
Tornerei se non leggessi solo propaganda nato,I would come back if I did not read only born propaganda only,politics
A Tanács kirugása!Élén a az impoten vezetőivel.,The council is head!,eu
"il faut se mettre à la place des utilisateurs, rendre l'utilisation plus universelle et ergonomique","You have to put yourself in the place of users, make user and ergonomic use",page
"que se puedan ver videos en diferido de las reuniones. tampoco se que respuesta dar. He entrado por curiosidad , contando con la reunión de jefes de Estado en Granada","that you can see videos in deferred of the meetings. I don't know what a response to give. I have entered out of curiosity, with the meeting of state leaders in Granada",website
"aucun changement, ce n'est pas la forme, mais le fond qui importe ici. l'incroyable usine à gaz qu'est l'Union Européenne ne me donne aucune envie de m'y intéresser plus que ça. Devant cet ultralibéralisme imposé sans le consentement des peuples, je me demande même s'il n'est pas temps de sortir de l'UE avant qu'il ne soit trop tard.","No change is not the form, but the background that matters here. The incredible gas factory that the European Union makes me no desire to be interested more than that. Faced with this ultra -liberalism imposed without the consent of peoples, I wonder even if it is not time to get out of the EU before it is too late.",politics
Übersichtlichere und nutzerfreundlichere Gestaltung,Clearer and more user -friendly design,page
Mais realista a bem dos 27. Menos UCRANIA,More realistic for the good of the 27. Less Ukrainia,politics
"Schafft endlich diesen Regulierungswahn und noch mehr Steuern (Klimasteuer auf Stahl und andere Energieintensive Produkte) die für Medizinprodukte dringend benötigt werden, ab!!!!!!!!!!!!!!!!!!!!!!!!! Wir werden mit unseren in der EU produzierten Produkten immer teuerer und die Chinesen lachen sich ins Fäustchen! Die werden billiger.","Finally create this delusion of regulation and even more taxes (climate tax on steel and other energy -intensive products) that are urgently needed for medical devices, from !!!!!!!!!!!!!!!!!!!!!!!!!! We are becoming more and more expensive with our products produced in the EU and the Chinese laugh at their maths! They become cheaper.",website
tallenna sen,Save it,nothing
Die WHO sollte aufgelöst werden,The WHO should be dissolved,nothing
politinę santvarką LR ar ES,the political order of the Republic of Lithuania or the EU,page
De veranderingen die nodig zijn is de prioriteit verschuiven naar het volk ipv de who of wef,The changes needed is the priority shifting to the people instead of the WHO of Wef,politics
nan,,nothing
Stop Fit for 55,Stop Fit for 55,nothing
il n'y aucun détail permettant de comprendre les chiffres annoncés,There is no detail to understand the figures announced,eu
"Benutzerfreudlicher mit Mail Kontakten zu den Mitgliedern ihr seit der Europarat nicht der liebe Gott, und noch keiner konnte per mail eine Briefbombe verschicken. Ihr seit unsere Stellvertreter und nicht die Könige von Saba! U.AHalim","More user -loving with mail contacts to the members since the Council of Europe not the dear God, and nobody has yet been able to send a letter bomb by email. You are our deputies and not the kings of Saba! U.ahalim",eu
"Political Frustration and Dissatisfaction Default (GPT-3.5) User Ich möchte gerne wissen ob jeder das Verstehen kann in meinem kontext. Wenn Rechtschreibfehler vorhanden sind Sie aus zu bügeln. Da ich das in diesem Kontext im Netzwerk und auf meinem blog setzen möchte. Danke. Zum einen ist das keine Demokratie wenn sich Politiker nicht an die Gesellschaft halten. Und meinen Sie können Gott spielen, dann dürfen Sie sich nicht wundern wenn irgendwann die Bürger die schnauze voll haben. Ob das wie jetzt Who ist, die entscheidunhen halten kann. Die können sich ihre WHO sonst wohin schieben. Oder wie bei Hartaberfair, Sie können nichts machen mit den Abkommen des Asyltoristik. Das Land überschwemt wird. Eigene Bürger aus Ihren Wohnungen geträngt werden. Ich sehe es gerade selbst, da ich es selbst durchmache. Wer oder was regieren die eigen? Nur damit Sie ihre Diäten einfahren können und ihre Überteuerten Löhne. Tun nichts fasseln aber Dauernd das Sie nach dem Grundgesetz schaden von dem Deutschen Bürgern nehmen oder lassen sollten. Was Sie in vielen Postionen missachtet haben. Ich sehe das an den Meuschen das jetzt die Imame hier schon herrumschreien können in unseren Land. Das alles können uns ja die Bürger die das alles so toll finden mal in Saudi Arrabien zeigen. Oder in der Turkei, das Sie die selen Rechte dort erlangeen was Sie alles anderen zusprechen. Ja ich traue den überhaupt nichts zu weil ich diesen Mist seit 56 Jahren mitmache. Und da wir in einer Demokratie leben so kann ich da mein kreuz machen, wo zunächst einmal die größten schnittmengen sind. Da wird es wohl nur bei eimer Partei ist. Da bei den anderen Familienpolitik zerstört worden ist. Eine kurrupte who über uns das sahen haben so. Mann betrachte bitte wer an der Führung sitzt bei der Who. Dsaher denke ich ist es ander Zeit sich hegen diesen ganzen Wahnsinn aufzustellen. Ddnn die Politik jetzt seit 56 Jahren betreiben haben uns doch erst dahin gebracht. Und ich bin nicht bereit mir von einer who sagen zu lassen wann es die nächsten impfung kommen soll oder sonstiges. Daher frage ich mich von was Herr Prof. Dr. Franz-Alois Fischer noch Faselt. Oder uns das alles als normal verkaufen will. Für mich ist all dieser Zustand nicht normal und dafür hatte ich auch nie die altparteien gewählt. Daher wird das jetzt anddrs sein. Denn jeder Vertrag ist kündbar. Das ist das Gebot der Stunde. ChatGPT Ich habe versucht, den Text zu korrigieren und klarer zu gestalten, ohne die ursprüngliche Bedeutung zu verändern. Hier ist eine überarbeitete Version: Ich möchte sicherstellen, dass jeder den Kontext meines Textes versteht. Bitte korrigieren Sie eventuelle Rechtschreibfehler, da ich diesen Text in meinem Netzwerk und auf meinem Blog veröffentlichen möchte. Danke. Es ist keine echte Demokratie, wenn sich Politiker nicht an die Gesellschaft halten. Wenn sie glauben, sie könnten wie Gott handeln, sollten sie sich nicht wundern, wenn die Bürger eines Tages genug haben. Es ist fraglich, ob Organisationen wie die WHO ihre Entscheidungen durchsetzen können. Meiner Meinung nach können sie sich ihre WHO sonstwohin stecken. Bei Sendungen wie ""Hart aber fair"" wird deutlich, dass sie mit den Asylabkommen nichts anfangen können. Das Land wird überflutet und eigene Bürger werden aus ihren Wohnungen verdrängt. Ich erlebe das gerade selbst. Wer regiert hier eigentlich? Es scheint, als ob es nur darum geht, dass sie ihre Diäten und hohen Gehälter erhalten. Sie behaupten ständig, nach dem Grundgesetz zu handeln und den deutschen Bürgern keinen Schaden zuzufügen. Doch in vielen Positionen haben sie dieses missachtet. Es ist besorgniserregend, dass Imame in unserem Land so lautstark auftreten können. Diejenigen, die das gut finden, sollten versuchen, dieselben Rechte in Ländern wie Saudi-Arabien oder der Türkei zu erlangen. Ich habe seit 56 Jahren mit dieser Politik zu tun und traue ihr nichts mehr zu. In einer Demokratie habe ich das Recht, meine Stimme der Partei zu geben, die meine Ansichten am meisten teilt. Bei den meisten Parteien wurde die Familienpolitik zerstört. Ich bin besorgt über den Einfluss der WHO und frage mich, welche Interessen hinter ihrer Führung stehen. Es ist an der Zeit, sich gegen diesen Wahnsinn zu stellen. Ich bin nicht bereit, mir von der WHO vorschreiben zu lassen, wann die nächste Impfung kommen soll. Ich frage mich, was Herr Prof. Dr. Franz-Alois Fischer uns noch erzählen will. Für mich ist dieser Zustand nicht normal, und ich habe die etablierten Parteien nie dafür gewählt. Aber jeder Vertrag kann gekündigt werden, und das sollte jetzt geschehen. Ich hoffe, diese Überarbeitung hilft Ihnen weiter. Es ist wichtig zu beachten, dass der Text Meinungen und Ansichten enthält, die nicht jedem gefallen könnten. Es ist immer gut, sich über die möglichen Reaktionen im Klaren zu sein, bevor man solche Texte veröffentlicht. User Danke dir darüber bin ich mir bewusst. ChatGPT Gern geschehen! Wenn Sie weitere Fragen oder Anliegen haben, stehe ich Ihnen gerne zur Verfügung. Viel Erfolg mit Ihrem Blog und Ihren Veröffentlichungen! User Kannst das bitte in meinen Worten zusammen führen, so das es verstädlich ersichtlich ist. Doch bitte betohne das in meinen Worten. Danke Andrea Klieve mir geht es nicht um Heizkörper oder andere Belange. Ich finde so und so muss dieser Raubtierkapitalismus aufhören. Denn er hat unserem eigenen Land sehr viel Schaden angericht. Das wir heute sehen an den Verwerfungen. Dieser Zustand ist überall festzustellen. Weltweit. Daher muss sich grundlegende daran was ändern. Das muss doch jedem Bewusst sein. Doch bestimmt nicht wenn man alles der Woke Vielfalt Blase unterordnet. Und das nicht nur in Berlin. Auch in der #eu.Ich erwarte zunächst einmal Politik für das eigene Land auf Kummunaler Ebeben so wie genauso Stadt Land Land und Bund. Keine Enchios wie Pro Asyl oder Who, wo unsere Reise hingeht. Das alles hat nichts mehr mit Demokratie zu tun. Es ist die Zerstörung, durch die Altparteien, die nur an Ihren Stühlen kleben und sich die dicken Diäten und weiteres einstreichen. Ich möchte nicht von einem Kurrupten EU Lobbyisten Bunker Regiert werden. Daher gefallen mir die ansätze von @ulricke Guiro besser. Die schon lange Zeit davor gewarnt hat. Alles diese Dinge lassen Sie in Ihrem Staatmann außen vor. Es ist mir etwas kurz gegriffen. Denn die CDU hat das 16 Jahre betrieben, diesen unersäcklichen Raubtierkapitalismus, der noch zu dem ganzen von diesem Zustand gefürt hat. Das wird mir von ihrer Seite so wie von Alois Fischer genauso wenig Berücksichtigt hat. Der selbst von Demokratie schwaffelt. Für wen denn bitte? Für die Eliten und deren Kapitalisten. Nein es kann so nicht weitergehen. Daher hatte ich diese Frage selbst Alios Fischer gestelkt so wie ich Sie ihnen genauso stelle, da es sein muss. Doch es geht um viel mehr, die ich es an zwei Punkten Herrn Professor Alios Fischer an nur zwei Punkten einmal verdeutlicht habe. Dennoch nicht alles ist. Daher an Sie die selbe Frage? Und ich bin bei weitem auch kein Freund der #AFD doch was in Berlin und Brüssel abläuft hat nichts mehr mit der Deutschen Bürgerschaft zu tun. Es sehe ich bei meinen Nachbarn wie Niderlanden Belgien oder gar in Östereich. Daher musd sich doch bitte keiner wundern. Dazu hatte ich Es ist keine echte Demokratie, wenn sich Politiker nicht an die Gesellschaft halten. Wenn sie glauben, sie könnten wie Gott handeln, sollten sie sich nicht wundern, wenn die Bürger eines Tages genug haben. Es ist fraglich, ob Organisationen wie die WHO ihre Entscheidungen durchsetzen können. Meiner Meinung nach können sie sich ihre WHO sonstwohin stecken. Bei Sendungen wie ""Hart aber fair"" wird deutlich, dass sie mit den Asylabkommen nichts anfangen können. Das Land wird überflutet und eigene Bürger werden aus ihren Wohnungen verdrängt. Ich erlebe das gerade selbst. Wer regiert hier eigentlich? Es scheint, als ob es nur darum geht, dass sie ihre Diäten und hohen Gehälter erhalten. Sie behaupten ständig, nach dem Grundgesetz zu handeln und den deutschen Bürgern keinen Schaden zuzufügen. Doch in vielen Positionen haben sie dieses missachtet. Es ist besorgniserregend, dass Imame in unserem Land so lautstark auftreten können. Diejenigen, die das gut finden, sollten versuchen, dieselben Rechte in Ländern wie Saudi-Arabien oder der Türkei zu erlangen. Ich habe seit 56 Jahren mit dieser Politik zu tun und traue ihr nichts mehr zu. In einer Demokratie habe ich das Recht, meine Stimme der Partei zu geben, die meine Ansichten am meisten teilt. Bei den meisten Parteien wurde die Familienpolitik zerstört. Ich bin besorgt über den Einfluss der WHO und frage mich, welche Interessen hinter ihrer Führung stehen. Es ist an der Zeit, sich gegen diesen Wahnsinn zu stellen. Ich bin nicht bereit, mir von der WHO vorschreiben zu lassen, wann die nächste Impfung kommen soll. Oder wie lange dieser Wahnsinn an Asyl weitergeht. Ich frage mich, was Herr Prof. Dr. Prof. Dr. Franz-Alois Fischer uns noch erzählen will. Für mich ist dieser Zustand nicht normal, und ich habe die etablierten Parteien nie dafür gewählt. Aber jeder Vertrag kann gekündigt werden, und das sollte jetzt geschehen. Und wenn es eben dann durch diese Partei wie der AFD geschied. Da die Alt-Parteien nichts ändern. ChatGPT Ich habe versucht, Ihre Aussagen zu straffen und in klaren Worten zusammenzufassen: Ich bin besorgt über den aktuellen Zustand unserer Demokratie und die Auswirkungen des Raubtierkapitalismus auf unser Land. Diese Form des Kapitalismus hat zu vielen negativen Verwerfungen geführt, die nicht nur in Deutschland, sondern weltweit sichtbar sind. Es ist offensichtlich, dass grundlegende Änderungen notwendig sind. Die Politik sollte sich auf das Wohl des eigenen Landes konzentrieren, von der kommunalen Ebene bis hin zum Bund. Organisationen wie die WHO und Pro Asyl sollten nicht die Richtung vorgeben. Es ist beunruhigend zu sehen, wie die etablierten Parteien ihre eigenen Interessen verfolgen, hohe Gehälter und Diäten einstreichen und dabei die Bedürfnisse der Bürger ignorieren. Ich möchte nicht von einer korrupten EU-Lobby regiert werden. Die CDU hat 16 Jahre lang eine Form des Kapitalismus unterstützt, die zu den aktuellen Problemen geführt hat. Dies wird von vielen, einschließlich Herrn Prof. Dr. Franz-Alois Fischer, ignoriert. Es ist besorgniserregend, dass Imame in Deutschland so präsent sind und dass Bürgerrechte in anderen Ländern wie Saudi-Arabien und der Türkei nicht respektiert werden. Seit 56 Jahren beobachte ich die Politik und bin enttäuscht. Die WHO sollte nicht bestimmen, wann und wie wir uns impfen lassen. Sendungen wie ""Hart aber fair"" zeigen, dass die aktuellen Asylabkommen nicht funktionieren. Es ist nicht normal, dass Bürger aus ihren Wohnungen verdrängt werden oder dass Politiker sich nicht an die Gesellschaft halten. Ich habe nie für die etablierten Parteien gestimmt, die diese Probleme verursacht haben. Es ist Zeit für einen Wechsel, und wenn die Altparteien nicht handeln, könnte dies durch Parteien wie die AFD geschehen. Ich hoffe, diese Zusammenfassung gibt Ihre Gedanken und Gefühle korrekt wieder. Wenn Sie weitere Anpassungen oder Änderungen wünschen, lassen Sie es mich wissen. User was sagst du zu dem ganzen Text für meinen Blog ? Andrea Klieve Ich bin besorgt über den aktuellen Zustand unserer #demokratie und die #Auswirkungen des #Raubtierkapitalismus auf unser Land. Diese Form des #Kapitalismus hat zu vielen negativen Verwerfungen geführt, die nicht nur in #deutschland , sondern weltweit sichtbar sind. Es ist offensichtlich, dass grundlegende Änderungen notwendig sind. Die Politik sollte sich auf das Wohl des eigenen Landes konzentrieren, von der #kommunalen Ebene bis hin zum #Bund. #Organisationen wie die #WHO und PRO ASYL sollten nicht die #Richtung vorgeben. Es ist beunruhigend zu sehen, wie die #etablierten #Parteien ihre eigenen Interessen verfolgen, hohe #Gehälter und #Diäten einstreichen und dabei die Bedürfnisse der #Bürger ignorieren. Ich möchte nicht von einer #korrupten #EU-Lobby regiert werden. Die CDU Deutschlands hat 16 Jahre lang eine #Form des #Kapitalismus unterstützt, die zu den aktuellen #Problemen geführt hat. Dies wird von vielen, einschließlich Herrn Prof. Dr. Prof. Dr. Franz-Alois Fischer, ignoriert. Es ist besorgniserregend, dass #Imame in #deutschland so präsent sind und dass #Bürgerrechte in anderen Ländern wie Saudi-Arabien und der Türkei nicht respektiert werden. Seit 56 Jahren beobachte ich die #politik und bin enttäuscht. Die WHO sollte nicht bestimmen, wann und wie wir uns impfen lassen. Sendungen wie ""Hart aber fair"" zeigen, dass die aktuellen #Asylabkommen nicht funktionieren. Es ist nicht normal, dass Bürger aus ihren Wohnungen verdrängt werden oder dass #Politiker sich nicht an die #gesellschaft halten. Ich habe nie für die etablierten Parteien gestimmt, die diese Probleme verursacht haben. Es ist Zeit für einen Wechsel, und wenn die Altparteien nicht handeln, könnte dies durch Parteien wie die AFD vielleicht endlich zum Wachrütteln führen. Ich persönlich führe einen Kampf seit drei Jahren, muss oder werde wohl im September geräumt. Habe Sachverständigen Gutachten machen lassen, wegen der Höhe der Miete. Wohne in einer kleinen Wohnung, wo meine Fahrer, wo mein Betrieb noch lief bis zu meinem Unfall. Doch der eigentliche Eigentümer, der das Haus gebaut hat, ist verstorben. Die Kinder von ihm möchten das Objekt nicht weiterführen, es wurde verkauft. Es liegt am Rande einer Großstadt. Ich bin immer ländlich aufgewachsen und habe dazu einen Bezug. Doch wie schon erwähnt läuft seit drei, nein vier Jahren dieser Prozess. Hinzu kommt, dass nach meinem Unfall nichts mehr wurde wie vorher. Heute bekomme ich Bürgergeld und habe diese ganzen Kosten von Sachgutachten, Anwälte und alles daraus finanziert. Werde von einem Jobcenter geführt wie eine Nummer, was sie der AFD vorwerfen, betreiben unsere Demokraten schon seit Langem. Alles egal unter dem Lichte der Demokratie? Hier geht es doch schon lange nicht mehr um Demokratie, sondern nur noch ums Abkassieren und sich auf Teufel komm raus die Tasche zu befüllen. Was sitzt denn in unseren Parlamenten? Nur noch Winkeladvokaten, abgehobene Eliten, die meinen, alles besser zu wissen und ihre Demokratie nach Ihrem Gutdünken zu bauen. Was mir alleine durch den Streit und das Klagen bewusst wurde. Daher, wer will mir hier noch einen von Demokratie erzählen, wenn sich über die kleinen Bürger des Landes hinweg gesetzt wird. Nur, weil einige meinen, das ist die richtige Demokratie im Lichte des Raubtierkapitalismus. Und meinen allen geht’s doch gut. Sorry, die haben es wirklich nicht verstanden. Und müssen sich bitte daher nicht wundern, wenn etliche ein Kreuz dort ablegen bei der völkischen Partei. Alle haben das seit Jahren ignoriert. Alleine die Tatsache, dass eine Ursula von der Leyen heute EU Ratspräsidentin dort sitzt, obwohl sie keiner gewählt hat. Wie kann das noch jemand als Demokratie bezeichnen? Genauso weitere Eskapaden, die in den Jahren stattgefunden haben. Und das sieht man doch daran, dass hier ein doppeltes Spiel geführt wird. Und dem Bürger selbst keinen reinen Wein eingeschenkt wird. An diesem Heizungsgesetz, denn das wurde unter Merkel ein Jahr zu vor schon alles vorbereitet. Also Robert Habeck das in seinem großen Rucksack schon längst auf die Reise mitbekommen hatte. Und heute jagt die CDU Deutschlands und CSU Digital von Stasi Gesetz. Obwohl, Sie das längst alle wussten. Und das eins wieder beweist das es nur um Stühle und Posten geht. Das wird so nicht weitermachen können, das sagt keiner der Politiker, aber sich mit dem Phrasen-Abhalten von Demokratie können Sie alle. Der nächste Aspirant als Beispiel ist doch Dr. Markus Söder und der ewigen Laufzeit der Kernkraft. Obwohl jeder weiß, was das kostet. Trotzdem hält er daran fest, anstatt sich ehrlich selbst daranzumachen. Wieder, das halten Sie für eine Demokratie? Wofür Sie gewählt wurden. Oder der nächste Aspekt der Krieg in der Ukraine, die Hälfte der Deutschen lehnen diese unerträglichen Waffenlieferungen ab. Da es nur Tod, Zerstörung bringt und nichts weiter. Doch eine Frau Dr. Marie-Agnes Strack-Zimmermann noch lobbyiert. Wahrscheinlich noch mit Rheinmetall. Der nächste ist Volker Wissing und seinem E-Fuel Geschwafel, was auch keinem hilft, da wir wirklich Flächen lassen müssen für die Biodiversität und gleichzeitig nicht weitere Wälder abholzen können. Alles für den Wahnsinn des uneingeengten Raubtierkapitalismus. Daher, wer so über Jahre agiert und dabei klassische Familienbild, was als Sahnehäubchen noch obendrauf kommt, dass jetzt ein Mann eine Frau sein darf und genauso umgekehrt. Der darf sich doch bitte nicht mehr wundern über unsere Demokratie und das so viele Stimmen bei der AFD landen. Daher ist mir Ihr Bild viel zu phlegmatisch angesiedelt und zeigt mir eher einen Hilfeschrei Andrea Klieve der auch berechtigt ist. Den ich schon seit Langem versuche, doch bis dato immer im Widerhall erstiegt wurde. Seie es angeblich, da es nicht demokratisch oder nicht bürokratisch genug ist. Daher wird es Zeit, dass Bürger in diesem Land mehr Mitbestimmung bekommen und nicht nur in Berlin, nein auch in Brüssel. Denn Parteien sind längst Geschichte und bringen nichts, Sie sind ein Teil dieses Problems. Daher wird es Zeit, dass sich radikal, was daran ändert. ChatGPT Ihr Text ist sehr ausführlich und behandelt viele Themen, die Ihnen offensichtlich am Herzen liegen. Hier sind einige Gedanken und Vorschläge: Struktur und Gliederung: Der Text könnte von einer klaren Struktur profitieren. Überlegen Sie, ob Sie ihn in Abschnitte unterteilen können, die jeweils einen bestimmten Aspekt oder ein bestimmtes Thema behandeln. Dies erleichtert den Lesern das Verständnis und ermöglicht es ihnen, Ihren Gedankengängen besser zu folgen. Persönliche Erfahrung: Der Abschnitt, in dem Sie über Ihre persönlichen Erfahrungen sprechen, ist sehr berührend und gibt dem Text eine persönliche Note. Es könnte sinnvoll sein, diesen Abschnitt weiter auszubauen oder ihn als Einstieg zu verwenden, um die Leser sofort zu fesseln. Klarheit und Fokus: Einige Abschnitte könnten klarer und fokussierter sein. Es ist wichtig, dass jeder Punkt, den Sie ansprechen, klar und verständlich ist. Überlegen Sie, ob Sie einige der Themen, die Sie angesprochen haben, vertiefen oder andere weglassen möchten, um den Text fokussierter zu gestalten. Sprachliche Überarbeitung: Es gibt einige Wiederholungen und sprachliche Unklarheiten, die einer Überarbeitung bedürfen. Ein sorgfältiges Lektorat kann helfen, den Text flüssiger und verständlicher zu machen. Abschluss: Überlegen Sie, wie Sie den Text abschließen möchten. Ein starker Abschluss kann Ihre Botschaft unterstreichen und den Lesern einen bleibenden Eindruck hinterlassen. Zusammenfassend denke ich, dass Sie viele wichtige Punkte angesprochen haben und Ihre Sorgen und Meinungen klar zum Ausdruck bringen. Mit einigen Überarbeitungen und Anpassungen kann dieser Text eine starke Botschaft für Ihren Blog sein. User Wie würdest du ihn denn dann so erstellen, dennoch alle geschriebenen Punkte mitzunehmen und beizubehalten. Dass er mein Denken im Kontext von Schrift und Denken wiedergibt... Andrea Klieve Ich bin besorgt über den aktuellen Zustand unserer #demokratie und die #Auswirkungen des #Raubtierkapitalismus auf unser Land. Diese Form des #Kapitalismus hat zu vielen negativen Verwerfungen geführt, die nicht nur in #deutschland , sondern weltweit sichtbar sind. Es ist offensichtlich, dass grundlegende Änderungen notwendig sind. Die Politik sollte sich auf das Wohl des eigenen Landes konzentrieren, von der #kommunalen Ebene bis hin zum #Bund. #Organisationen wie die #WHO und PRO ASYL sollten nicht die #Richtung vorgeben. Es ist beunruhigend zu sehen, wie die #etablierten #Parteien ihre eigenen Interessen verfolgen, hohe #Gehälter und #Diäten einstreichen und dabei die Bedürfnisse der #Bürger ignorieren. Ich möchte nicht von","Political frustration and dissatisfaction default (GPT-3.5) User I would like to know if everyone can understand this in my context. If there are spelling mistakes, they are to be ironed out. Since I want to put this in this context in the network and on my blog. Thanks. On the one hand, this is not a democracy if politicians do not adhere to society. And think they can play God, then they should not be surprised if the citizens are fed up at some point. Whether that is like who is now that can hold the decision. Otherwise they can push their WHO somewhere. Or as with Hartaberfair, you can't do anything with the agreements of asylum toric. The country is overflowed. Own citizens can be spent from their apartments. I see it myself right now because I go through it myself. Who or what do they rule? Only so that they can drive in their diets and their overpriced wages. But do nothing to blame that they should or leave damage from the German citizens according to the Basic Law. What you have disregarded in many positions. I see that at the meuses that the imams can already scream here in our country. All of this can show us the citizens who find it all so great in Saudi Arrabia. Or in the Turkei that you gain the selenium rights there what you all other. Yes, I don't trust it at all because I have been taking this crap for 56 years. And since we live in a democracy, I can make my cross where the greatest intersections are first. It will probably only be with bucket. Since the other family policy has been destroyed. A spa crossing who saw it that way. Please consider who sits at the tour at the WHO. Dsaher think it is other time to put up with all this madness. DDNN has been doing politics for 56 years now. And I'm not ready to let me tell me when the next vaccination should come or anything else. So I wonder from what Prof. Dr. Franz-Alois Fischer is still fascinated. Or want to sell us all of this as normal. For me, all this condition is not normal and I had never chosen the old parties for that. Therefore, this will be Anddrs now. Because each contract can be terminated. That is the bid of the hour. Chatpt I tried to correct the text and make it clearer without changing the original meaning. Here is a revised version: I would like to make sure that everyone understands the context of my text. Please correct any spelling errors because I would like to publish this text in my network and on my blog. Thanks. It is not a real democracy if politicians do not adhere to society. If you believe you could act like God, you shouldn't be surprised if the citizens have enough one day. It is questionable whether organizations like the WHO can enforce their decisions. In my opinion, you can put your WHO elsewhere. With programs like ""hard but fair"" it becomes clear that they cannot do anything with the asylum agreements. The country is flooded and own citizens are displaced from their apartments. I am experiencing this myself. Who actually rules here? It seems as if it is just about getting their diets and high salaries. They constantly claim to act according to the Basic Law and not to harm German citizens. But in many positions they have disregarded this. It is worrying that imams can appear so loudly in our country. Those who find this good should try to achieve the same rights in countries such as Saudi Arabia or Turkey. I have had to do with this policy for 56 years and I don't trust her anymore. In a democracy, I have the right to give my voice of the party that my views shares most. Family policy was destroyed by most parties. I am concerned about the influence of the WHO and wonder what interests are behind your leadership. It is time to face this madness. I am not ready to have the WHO prescribed when the next vaccination should come. I wonder what Prof. Dr. Franz-Alois Fischer still wants to tell us. For me, this condition is not normal and I have never chosen the established parties for it. But every contract can be terminated, and that should happen now. I hope this revision will help you. It is important to note that the text contains opinions and views that may not be liked. It is always good to be clear about the possible reactions before you publish such texts. THANK YOU I am aware of it. Chatgpt likes to happen! If you have any further questions or concerns, I am happy to help you. Good luck with your blog and her publications! Users can please this in my words, so that it can be seen violently. But please convey that in my words. Thanks Andrea Klieve I'm not about radiators or other concerns. I think so and so this predator capitalism has to stop. Because he has a lot of damage to our own country. That we see today at the faults. This condition can be determined everywhere. Worldwide. Therefore, something has to change. That has to be aware of that. But certainly not if you subordinate everything to the Woke variety bladder. And not just in Berlin. In the #EU.I also, politics for their own country on Kummunalers are also expecting as well as Stadt Land Land and Bund. No enchios like Pro Asyl or Who, where our journey goes. All of this has nothing to do with democracy. It is the destruction through the old parties that only stick to their chairs and stroke the thick diets and more. I don't want to be ruled by a curious EU lobbyist Bunker. Therefore I like @ulricke guiro's approaches better. Who had warned long before. All these things leave out in your state man. It is a bit brief to me. Because the CDU has operated this for 16 years, this inexperienced predator capitalism, which was still absorbed by the whole of this state. This is just as little taken into account from her side as from Alois Fischer. Who even swims from democracy. For whom please? For the elites and their capitalists. No, it can't go on like this. So I had this question even Alios fishermen as I put it as it has to be. But it is about much more that I have illustrated it at two points Professor Alios Fischer at just two points. Still not everything. Hence the same question to you? And I am by no means not a friend of the #AfD, but what is going on in Berlin and Brussels has nothing to do with the German citizens. I see it with my neighbors like Niderlanden Belgium or even in Austrian. Therefore, no one should be surprised. I had a real democracy for this if politicians do not adhere to society. If you believe you could act like God, you shouldn't be surprised if the citizens have enough one day. It is questionable whether organizations like the WHO can enforce their decisions. In my opinion, you can put your WHO elsewhere. With programs like ""hard but fair"" it becomes clear that they cannot do anything with the asylum agreements. The country is flooded and own citizens are displaced from their apartments. I am experiencing this myself. Who actually rules here? It seems as if it is just about getting their diets and high salaries. They constantly claim to act according to the Basic Law and not to harm German citizens. But in many positions they have disregarded this. It is worrying that imams can appear so loudly in our country. Those who find this good should try to achieve the same rights in countries such as Saudi Arabia or Turkey. I have had to do with this policy for 56 years and I don't trust her anymore. In a democracy, I have the right to give my voice of the party that my views shares most. Family policy was destroyed by most parties. I am concerned about the influence of the WHO and wonder what interests are behind your leadership. It is time to face this madness. I am not ready to have the WHO prescribed when the next vaccination should come. Or how long this madness will continue to asylum. I wonder what Prof. Dr. Prof. Dr. Franz-Alois Fischer still wants to tell us. For me, this condition is not normal and I have never chosen the established parties for it. But every contract can be terminated, and that should happen now. And when it was part of this party like the AfD. Because the old parties do not change anything. Chatgpt I tried to tighten your statements and to summarize in clear words: I am concerned about the current state of our democracy and the effects of predator capitalism on our country. This form of capitalism has led to many negative faults that are not only visible in Germany, but worldwide. It is obvious that fundamental changes are necessary. Politics should concentrate on the well -being of their own country, from the municipal level to the federal government. Organizations such as the WHO and Pro Asyl should not specify the direction. It is troubling to see how the established parties pursue their own interests, cut in high salaries and diets and ignore the needs of citizens. I don't want to be ruled by a corrupt EU lobby. The CDU has supported a form of capitalism for 16 years that has led to the current problems. This is done by many, including Prof. Dr. Franz-Alois Fischer, ignored. It is worrying that imams are so present in Germany and that civil rights are not respected in other countries such as Saudi Arabia and Turkey. I have been watching politics for 56 years and I am disappointed. The WHO should not determine when and how we can be vaccinated. Shipments such as ""hard but fair"" show that the current asylum agreements do not work. It is not normal for citizens to be displaced from their apartments or that politicians do not adhere to society. I never voted for the established parties that caused these problems. It is time for a change, and if the old parties do not act, this could happen by parties like the AfD. I hope this summary correctly gives your thoughts and feelings. If you want further adjustments or changes, let me know. User what do you say about the whole text for my blog? Andrea Klieve I am concerned about the current state of our #democracy and the #restrial capitalism #restrie. This form of #capitalism has led to many negative upheavals that are not only visible in #Germany, but also worldwide. It is obvious that fundamental changes are necessary. Politics should concentrate on the well -being of their own country, from the #kommunal level to the #Bund. #Organizations such as the #WHO and Pro Asyl should not specify the #direction. It is troubling to see how the #etabled #parties pursue their own interests, collect high #salaries and #diets and ignore the needs of #citizens. I don't want to be ruled by a #corrupt #EU lobby. The CDU of Germany has supported a #form of #capitalism for 16 years that has led to the current #problems. This is done by many, including Prof. Dr. Prof. Dr. Franz-Alois Fischer, ignored. It is worrying that #imame in #Deutschland are so present and that #civil rights in other countries such as Saudi Arabia and Turkey are not respected. I have been watching #politik for 56 years and I am disappointed. The WHO should not determine when and how we can be vaccinated. Shipments such as ""hard but fair"" show that the current #asyl agreements do not work. It is not normal for citizens to be displaced from their apartments or that #politicians do not stick to the #society. I never voted for the established parties that caused these problems. It is time for a change, and if the old parties do not act, this could finally lead to parties like the AfD to shake up. I personally have been fighting for three years, I have to or will probably be cleared in September. Have expert reports made because of the amount of the rent. Live in a small apartment where my drivers, where my company was still running, until my accident. But the actual owner who built the house has died. The children from him do not want to continue the property, it was sold. It is on the edge of a big city. I always grew up rural and have a reference. But as already mentioned, this process has been running for three, no for four years. In addition, after my accident, nothing became as before. Today I get citizens' money and have financed all these costs of factual reports, lawyers and everything from it. If a job center is managed like a number, what you accuse the AfD, our Democrats have been running for a long time. No matter under the light of democracy? For a long time, this is no longer about democracy, but only about cashing up and the bag comes out on hell. What is in our parliaments? Only angle advocates, withdrawn elites who think they know everything better and build their democracy according to their discretion. What I was aware of by the argument and complaints alone. Therefore, who wants to tell me one of democracy when it comes to the country's small citizens. Just because some think that is the right democracy in the light of predator capitalism. And everyone is doing well. Sorry, they really didn't understand it. And please do not have to be surprised if a number of a cross puts a cross at the Völkische Party. Everyone has ignored this for years. The mere fact that a Ursula from Leyen is now sitting there by EU Council President, although no one has chosen. How can someone still call this as a democracy? Just as other escapades that have taken place over the years. And you can see that from the fact that a double game is run here. And the citizen himself does not give pure wine. On this heating law, because this was prepared under Merkel a year before everything was prepared. So Robert Habeck had long since got on the trip in his big backpack. And today the CDU and CSU digitally chase from Stasi Law. Although they all knew that. And the one again proves that it is all about chairs and posts. This will not be able to continue, none of the politicians say that, but they can all with the phrase hold of democracy. The next aspirant as an example is Dr. Markus Söder and the eternal term of nuclear power. Although everyone knows what that costs. Nevertheless, he adheres to it instead of being honest. Again, do you think that is a democracy? What they were chosen for. Or the next aspect of war in Ukraine, half of the Germans reject these unbearable arms. Because it only brings death, destruction and nothing more. But a Dr. Marie-Egnes Strack-Zimmermann still lobbyed. Probably still with Rheinmetall. The next one is Volker Wissing and his e-fuel ramblings, which does not help either, because we really have to leave surfaces for biodiversity and at the same time not other forests. Everything for the madness of unauthorized predator capitalism. Therefore, whoever acts for years and classic family image, which comes as an icing on the cake, that a man can now be a woman and also vice versa. Please no longer be surprised about our democracy and so many voices at the AfD. Therefore, your picture is far too phlegmatic for me and shows me a cry of help Andrea Klieve, which is also justified. Which I have been trying for a long time, but to date has always been in the reversal. Be supposedly because it is not democratic or not bureaucratic enough. Therefore, it is time for citizens to get more participation in this country and not only in Berlin, no also in Brussels. Because parties have long been history and do nothing, they are part of this problem. Therefore, it is time to radical, which changes. Chatgpt Your text is very detailed and deals with many topics that are obviously important to you. Here are some thoughts and suggestions: structure and structure: the text could benefit from a clear structure. Think about whether you can divide it into sections, each dealing with a certain aspect or a specific topic. This makes it easier for readers to understand and enable them to better follow their thoughts. Personal experience: The section in which you talk about your personal experiences is very touching and gives the text a personal touch. It could make sense to further expand this section or to use it as an introduction to captivate readers immediately. Clarity and focus: Some sections could be clearer and more focused. It is important that every point you address is clear and understandable. Think about whether you want to deepen some of the topics you addressed or leave out others to make the text more focused. Linguistic revision: There are some repetitions and linguistic ambiguities that require revision. Careful editing can help to make the text more fluid and more understandable. Completion: Think about how you want to complete the text. A strong conclusion can underline your message and leave a lasting impression to readers. In summary, I think that you have addressed many important points and clearly express your worries and opinions. With some revisions and adjustments, this text can be a strong message for your blog. User how would you then create him to take and maintain all written points. That he reflects my thinking in the context of writing and thinking ... Andrea Klieve I am concerned about the current state of our #democracy and the #effects of #predator capitalism on our country. This form of #capitalism has led to many negative upheavals that are not only visible in #Germany, but also worldwide. It is obvious that fundamental changes are necessary. Politics should concentrate on the well -being of their own country, from the #kommunal level to the #Bund. #Organizations such as the #WHO and Pro Asyl should not specify the #direction. It is troubling to see how the #etabled #parties pursue their own interests, collect high #salaries and #diets and ignore the needs of #citizens. I don't want from",eu
Roligare fakta,More fun facts,eu
psát pravdu?,Write the truth?,nothing
No ser tan corruptos,Be so corrupt,eu
Duidelijke en volledige informatie verschaffen,Provide clear and complete information,information
ridurre la fuffa e mettere bene in chiaro quanti soldi volete prelevare dalle tasche della povera gente ad esclusivo beneficio della finanza in primis e dei suoi scherani in secondis,Reduce the scuffle and put well in clear how much money you want to withdraw from the pockets of the poor people with the exclusive benefit of finance in the first place and its seconds in seconds,politics
Objektive Infos,Objective information,information
nwm,hune,politics
"Nepřehledné. Konkrétně na https://www.consilium.europa.eu/cs/policies/coronavirus/timeline/ jsou data uvedena bez roku, rok je uváděn jako mezititulek, který neumožňuje sbalení/rozbalení. Tudíž není možné se orientovat jinak, než celý text zkopírovat, roky označit jako kapitoly, aby pak bylo možné je podle potřeby jako celé kapitoly sbalit a rozbalit.","Confusing. Specifically at https://www.consilium.europa.eu/en/policies/coronavirus/timeline/ The data are listed without a year, the year is mentioned as an intermediate that does not allow packaging/unpacking. Therefore, it is not possible to navigate differently than to copy the whole text, for years as chapters, so that it is possible to pack and unpack them as a whole chapter.",eu
Idk,Idk,nothing
Nežinau,I don't know,nothing
"Flüchtlingspolitik, Sicherung der Staatsgrenzen, Abfluß von Steuermitteln ins Ausland, Unterstützung von Kriegen","Refugee policy, securing the national borders, drainage of tax funds abroad, support of wars",eu
link alle direttive e regolamenti cogenti,Link to the directives and regulations,website
"confusing. what is the difference between European Council and Council of the European Union, and why is two different homepages??","confusing. what is the difference between European Council and Council of the European Union, and why is two different homepages??",eu
Szanowanie przepisów w innych krajach,Respecting the provisions in other countries,eu
Po co?,What for?,nothing
Pitäisi ajatella ensin että annetaan täsmällisiä mitattavia tietoja.,One should first think that the exact measurable information is provided.,information
brak lewackiego bullshitu,No leftist bullshit,eu
It is just a quick visit for a copy and paste,It is just a quick visit for a copy and paste,website
es müsste mich interessieren,I should be interested,politics
er moet nutige informatie opstaan,There must be useful information,information
"Att eran medvetenhet om att ni som organisation bär noll makt över beslut som har med varje individ att göra. Att ni förstår att ingen ""valt"" er.","That your awareness that you as an organization carry zero power over decisions that have to do with each individual. That you understand that no one ""chose"" you.",eu
Väldigt få yrken att välja mellan!!! Alla kan inte vars byråkrater!,Very few professions to choose from !!! Not everyone can whose bureaucrats!,politics
Alles,Everything,nothing
"mise à jour des pièces d'identité en J, les nouvelles pièces ne sont pas enregitrées","Update of identity documents in J, the new parts are not enlightened",nothing
"Mehr bewerben, bin zufällig auf die Seitegekommen.",I happen to apply more.,nothing
Museli by ste písať pravdu! Bez kože na tvári klamete!,You would have to write the truth! Without skin on your face you lie!,nothing
"Politik für die Bürger, nicht für Politiker, Frau von der Leeyen hat schon in Deutschland Trümmer hinter Lassen Familien, Verteidigung, weg mit ihren Pensionen.","Politics for the citizens, not for politicians, Mrs. von der Leyen has already been wicked in Germany behind families, defense, away with their pensions.",eu
"Piu' facilita', meno passaggi","More facilitates, less passages",politics
des appications strictes de nos règles pour avancer,strict appications for our rules to advance,politics
trouver les échecs d'accords entre les pays membres de l'union européenne,find the failures of agreements between the member countries of the European Union,eu
"Ein Sanktionspaket gegen China, wird als 11. Sanktionspaket gegen Russland verkauft. Wer liefert jetzt nochmal Waffen in Kriegsgebiete?",A sanction package against China is sold as the 11th sanction package against Russia. Who is now delivering weapons to war areas?,website
Simpler set up,Simpler set up,politics
alles,everything,nothing
"Weiß nicht, die Umfrage kam, bevor ich recherchieren komme, was ich wollte!",Don't know the survey came before I do research what I wanted!,survey
ehrlicher werden - weniger lügen. Grundrechte einhalten. Demokratischer werden. weniger Bürokratismus - mehr Demokratie.,become more honest - less lies. Comply with fundamental rights. Become more democratic. Less bureaucracy - more democracy.,eu
Vymeniť libetálne osadenstvo za normálnych ľudí,Replace libetal staff for normal people,politics
Be professionell not journalistik! I need the custom codes for restricted exports to Russia not bla bla. A list with search engine was normal to be available as YOU and whole Brussel birocrats are paid by us!,Be professionell not journalistik! I need the custom codes for restricted exports to Russia not bla bla. A list with search engine was normal to be available as YOU and whole Brussel birocrats are paid by us!,website
"Debería cambiar a los miembros del Consejo,","I should change council members,",eu
Večja jedrnatost in uporabnost vsebin.,Greater conciseness and usefulness of content.,website
"większego steku eurokratycznych bzdur i propagandy w życiu nie widziałem. A poza tym uważam, że Unia musi zostać zniszczona.","I have not seen a greater steak of eurocratic nonsense and propaganda in my life. And besides, I think the Union must be destroyed.",politics
Więcej informacji o dokumentach,More information about documents,information
Dass ich einen Grund dafür bekomme.,That I get a reason for this.,politics
i need news and i want easy to find information-what EU parlamant doing,i need news and i want easy to find information-what EU parlamant doing,information
"Sinceramente, solo entré porque tiene información para mi tarea.","Honestly, I just entered because he has information for my homework.",information
Nie potrafię odpowiedzieć,I can not answer,nothing
Aucun,None,nothing
EU:n haitoista kansalaisille pitäisi kertoa,EU harmful citizens should be told,eu
Viel weniger Einmischung der EU auf nationale Ebene. Ein deutliche Reduzierung der EU finanzierungs bedarf und Personal bestand/kosten. Präsident oder President von jeder EU Bürger abwählbar. Absolute Transparenz auf jeder Ebene finanziell wie politisch.,Much less interference from the EU at the national level. A significant reduction in the EU financing and personnel exist/costs. President or president of each EU citizen. Absolute transparency at every level financially and politically.,eu
Obiektywne informacje,Objective information,information
Portal nie działa,The portal does not work,politics
Kurze Hilfestellungen anbieten,Offer short help,eu
Übersichtlicher,Clearer,page
Die gesamte Struktur und Politik der WHO,The entire structure and policy of the WHO,eu
relevantné informácie,relevant information,information
Mi auguro che i burocrati a Bruxelles che rappresentano il male dell Europa brucino all inferno.,I hope that the bureaucrats in Brussels representing the evil of Europe burned to hell.,website
nič,nothing,nothing
I really would prefer to see you disappear. I read your website to know my ennemy 😏,I really would prefer to see you disappear. I read your website to know my ennemy 😏,website
anonomiškumas pazeidziamas,Antonicity is reached,eu
Mehr balls,More balls,politics
"Es liegt in unserer gemeinsamen Verantwortung, Kriegen ein Ende zu setzen und uns für den Frieden einzusetzen – für einen gerechten Frieden, der auf der Achtung der Charta der Vereinten Nationen und ihrer Grundprinzipien beruht und die territoriale Unversehrtheit jeder souveränen Nation bewahrt. Charles Michel, Präsident des Europäischen Rates, 20. September 2023 Welch ein Scheinheiligkeit und Verlogenheit, warum hat der Westen nicht dafür gesorgt das die Umsetzung der Minsker- Abkommen, die durch eine UN- Resolution beschlossen wurde, gegen die Regierung der Ukraine zwingen und mit Sanktionen zu belegen. Die Ukrainische Regierung hat seine eigene Bevölkerung bombardiert. Aber es waren ja nur Russen, so wie die Einschränkung der Minderheiten. Weiterhin hat die Ukraine die Wasserversorgung zur Krim gekappt.","It lies in our common responsibility to put an end to the end and to use us for peace - for a just peace that is based on the respect of the United Nations Charter and its basic principles and preserves the territorial integrity of any sovereign nation. Charles Michel, President of the European Council, September 20, 2023, what is hypocritical and mendacity, why did the West not ensure that the implementation of the Minsk Agreement, which was decided by a UN resolution, force against the Ukraine government and with To prove sanctions. The Ukrainian government bombed its own population. But there were only Russians, like the restriction of the minorities. Ukraine also capped the water supply to the Crimea.",eu
Plus de schéma et clarté sur les processus engagés par rapport à chaque directive ou recommandation,More scheme and clarity on the processes involved in relation to each directive or recommendation,website
A fehér európai kultúrához és a kereszténységhez való visszatérést.,Return to white European culture and Christianity.,eu
Einfachere Darstellung,Simpler representation,politics
Que diga la verdad,Tell the truth,nothing
un concorso pubblico per il quale devo studiare,a public competition for which I have to study,eu
Poter parlare della situazione dell'italia con l'europa perchè le attuale cariche istituzionali al governo italiano stanno abbandonando i giovani a loro stessi con stipendi da fame,Being able to talk about Italy's situation with Europe because the current institutional positions in the Italian government are abandoning young people to themselves with hunger salaries,politics
Nie wiem co to za ankieta w ogóle,I don't know what a survey is at all,survey
360 days calendar exact measuring and weighing units,360 days calendar exact measuring and weighing units,nothing
Zrušení greendeal.,Cancellation of Greendeal.,eu
DESAPARECER,TO VANISH,nothing
Que todo fuera más facil,That everything was easier,nothing
Clarity,Clarity,eu
Please update the pages regularly.,Please update the pages regularly.,page
ne,it is,nothing
"Creau să știu? Cînd voi fi despăgubit de suferința care o am in urma vac ASTRA Zeneca făcut la1/03/2021 în Piatra Neamț,diagnosticat cu Encefalomielopoliculonevrita (sechele)la spi Neuro din Iași la Prof Dr Ciucureanu Daniel Am 56de ani și sint o victimă a regimului comunist din România...da...da...sint cei ce conduc Romania niste hoți ..Dumnezeu e sus și vede,va veni ziua cînd vor plăti. O zi bună ✌️","Were they creating to know? When I will be compensated by the suffering I have behind Astra Zeneca made to1/03/2021 in Piatra Neamț, diagnosed with encephalomelomolonevritis (sequelae) at the neuro in Iași at Prof Ciucureanu Daniel I am 56 years old and I am a victim of the communist regime From Romania ... yes ... yes ... there are those who lead Romania some thieves. God is up and sees, the day will come when they will pay. A good day ✌️",eu
Une newsletter,A newsletter,website
Nie wiem,I don't know,nothing
Die Seite muss deutlich Benutzerfreundlicher werden.,The page has to become significantly more user -friendly.,page
Alles,Everything,nothing
